{"cameraMode":{"drawMode":0,"name":"Shaded","section":"Shading Mode"},"sceneLighting":true,"audioPlay":false,"sceneViewState":{"showFog":true,"showMaterialUpdate":false,"showSkybox":true,"showFlares":true,"showImageEffects":true,"showParticleSystems":true},"in2DMode":false,"pivot":{"x":-0.6777169704437256,"y":-0.13468408584594727,"z":10.662588119506836},"rotation":{"x":-0.10955411940813065,"y":0.025934411212801935,"z":-0.0028842356987297537,"w":-0.9936544895172119},"size":11.137425422668457,"orthographic":false}